{
  "$schema": "../gen/schemas/desktop-schema.json",
  "identifier": "default",
  "description": "Default permissions for Cockpit main window - principle of least privilege applied",
  "windows": ["*"],
  "permissions": [
    "core:default",
    "core:window:default",
    "core:window:allow-set-title",
    "core:window:allow-close",
    "core:window:allow-create",
    "core:webview:default",
    "core:webview:allow-create-webview",
    "core:webview:allow-create-webview-window",
    "core:webview:allow-webview-show",
    "core:webview:allow-webview-hide",
    "core:webview:allow-webview-close",
    "core:webview:allow-webview-position",
    "core:webview:allow-webview-size",
    "core:webview:allow-set-webview-position",
    "core:webview:allow-set-webview-size",
    "core:webview:allow-set-webview-focus",
    "core:event:default",
    "core:event:allow-listen",
    "core:event:allow-emit",
    "core:menu:default",
    "core:menu:allow-new",
    "core:menu:allow-popup",
    "dialog:default",
    "dialog:allow-open",
    "dialog:allow-save"
  ],
  "platforms": ["linux", "macOS", "windows"]
}
